questions,answers
What does it mean to have a mental illness?,"Mental illnesses are health conditions that disrupt a person's thoughts, emotions, relationships, and daily functioning."
What is mental health illness,"It is estimated that mental illness affects 1 in 5 adults in America, and that 1 in 24 adults have a serious mental illness."
Describe mental health illness,Symptoms of mental health disorders vary depending on the type and severity of the condition.
Who does mental illness affect?,"When healing from mental illness, early identification and treatment are of vital importance. Based on the nature of the illness, there are a range of effective treatments available. For any type of treatment, it is essential that the person affected is proactive and fully engaged in their own recovery process. Many people with mental illnesses who are diagnosed and treated respond well, although some might experience a return of symptoms. Even in such cases, with careful monitoring and management of the disorder, it is still quite possible to live a fulfilled and productive life."
Who is affected by mentall illness,"Although this website cannot substitute for professional advice, we encourage those with symptoms to talk to their friends and family members and seek the counsel of a mental health professional. The sooner the mental health condition is identified and treated, the sooner they can get on the path to recovery.If you know someone who is having problems, don't assume that the issue will resolve itself. Let them know that you care about them, and that there are treatment options available that will help them heal. Speak with a mental health professional or counselor if you think your friend or family member is experiencing the symptoms of a mental health condition. If the affected loved one knows that you support them, they will be more likely to seek out help."
What causes mental illness?,Feeling comfortable with the professional you or your child is working with is critical to the success of the treatment. Finding the professional who best fits your needs may require research. Start by searching for providers in your area.
What leads to mental illness?,"Just as there are different types of medications for physical illness, different treatment options are available for individuals with mental illness. Treatment works differently for different people. It is important to find what works best for you or your child."
how does one get mentally ill?,"Since beginning treatment is a big step for individuals and families, it can be very overwhelming."
Can people with mental illness recover?,"There are many types of mental health professionals. The variety of providers and their services may be confusing. Each have various levels of education, training, and may have different areas of expertise. Finding the professional who best fits your needs may require some research."
Is it possible to recover from mental illness,Feeling comfortable with the professional you or your child is working with is critical to the success of your treatment. Finding the professional who best fits your needs may require some research.
